Workbook

Sheet ReadMe
B2: 1. Insert new radio sytems on the Insert sheet, see example below.
B4: Template Name | C4: Radio | D4: Brand | E4: Radio SH | F4: Band | G4: Frequnecy | H4: W Power | I4: MHz Bandwidth | J4: Gain dBi
B5: SC(4200 E L , 1, 1.25) | C5: StreamCaster 4200 Enhanced Plus | D5: SC | E5: 4200 E | F5: L | G5: 1350 | H5: 1 | I5: 1.25 | J5: 3
B7: RADIO SH is a shorthand version of the radio name and will be used to create the Template name.
B9: 2. Once all of the radio systems have been added, use the Formatting sheet, copying the provided formulas to included all the inputted systems.
B11: 3. Save the formatting sheet as a CSV (Comma Delimited).
B13: 4. Use CSVtoJSON v1.py to translate the CSV to JSON.
B14: Run the command - Pyhton3 CSVtoJSON v1.py \yourcsvfile.csv
B15: The command will run and generate Templates in the current folder.

Sheet Insert
A1: Template Name | B1: Radio | C1: Brand | D1: Radio SH | E1: Band | F1: Frequnecy | G1: W Power | H1: MHz Bandwidth | I1: Tx Gain dBi | J1: Notes
A2: =C2&" ("&D2&" "&E2&" "&$E$1&", "&G2&$G$1&", "&H2&$H$1&")" -> Silvus (4200 E L Band, 1W Power, 1.25MHz Bandwidth ) | B2: StreamCaster 4200 Enhanced Plus | C2: Silvus | D2: 4200 E | E2: L | F2: 1350 | G2: 1 | H2: 1.25 | I2: 3
A3: =C3&" ("&D3&" "&E3&" "&$E$1&", "&G3&$G$1&", "&H3&$H$1&")" -> Silvus (4200 E S Band, 1W Power, 1.25MHz Bandwidth ) | B3: StreamCaster 4200 Enhanced Plus | C3: Silvus | D3: 4200 E | E3: S | F3: 2200 | G3: 1 | H3: 1.25 | I3: 3
A4: =C4&" ("&D4&" "&E4&" "&$E$1&", "&G4&$G$1&", "&H4&$H$1&")" -> Silvus (4200 E UHF Band, 1W Power, 1.25MHz Bandwidth ) | B4: StreamCaster 4200 Enhanced Plus | C4: Silvus | D4: 4200 E | E4: UHF | F4: 420 | G4: 1 | H4: 1.25 | I4: 3
A5: =C5&" ("&D5&" "&E5&" "&$E$1&", "&G5&$G$1&", "&H5&$H$1&")" -> Silvus (4200 E L Band, 4W Power, 1.25MHz Bandwidth ) | B5: StreamCaster 4200 Enhanced Plus | C5: Silvus | D5: 4200 E | E5: L | F5: 1350 | G5: 4 | H5: 1.25 | I5: 3
A6: =C6&" ("&D6&" "&E6&" "&$E$1&", "&G6&$G$1&", "&H6&$H$1&")" -> Silvus (4200 E S Band, 4W Power, 1.25MHz Bandwidth ) | B6: StreamCaster 4200 Enhanced Plus | C6: Silvus | D6: 4200 E | E6: S | F6: 2200 | G6: 4 | H6: 1.25 | I6: 3
A7: =C7&" ("&D7&" "&E7&" "&$E$1&", "&G7&$G$1&", "&H7&$H$1&")" -> Silvus (4200 E UHF Band, 4W Power, 1.25MHz Bandwidth ) | B7: StreamCaster 4200 Enhanced Plus | C7: Silvus | D7: 4200 E | E7: UHF | F7: 420 | G7: 4 | H7: 1.25 | I7: 3
A8: =C8&" ("&D8&" "&E8&" "&$E$1&", "&G8&$G$1&", "&H8&$H$1&")" -> Silvus (4200 E L Band, 10W Power, 1.25MHz Bandwidth ) | B8: StreamCaster 4200 Enhanced Plus | C8: Silvus | D8: 4200 E | E8: L | F8: 1350 | G8: 10 | H8: 1.25 | I8: 3
A9: =C9&" ("&D9&" "&E9&" "&$E$1&", "&G9&$G$1&", "&H9&$H$1&")" -> Silvus (4200 E S Band, 10W Power, 1.25MHz Bandwidth ) | B9: StreamCaster 4200 Enhanced Plus | C9: Silvus | D9: 4200 E | E9: S | F9: 2200 | G9: 10 | H9: 1.25 | I9: 3
A10: =C10&" ("&D10&" "&E10&" "&$E$1&", "&G10&$G$1&", "&H10&$H$1&")" -> Silvus (4200 E UHF Band, 10W Power, 1.25MHz Bandwidth ) | B10: StreamCaster 4200 Enhanced Plus | C10: Silvus | D10: 4200 E | E10: UHF | F10: 420 | G10: 10 | H10: 1.25 | I10: 3
A11: =C11&" ("&D11&" "&E11&" "&$E$1&", "&G11&$G$1&", "&H11&$H$1&")" -> Silvus (4200 E L Band, 1W Power, 20MHz Bandwidth ) | B11: StreamCaster 4200 Enhanced Plus | C11: Silvus | D11: 4200 E | E11: L | F11: 1350 | G11: 1 | H11: 20 | I11: 3
A12: =C12&" ("&D12&" "&E12&" "&$E$1&", "&G12&$G$1&", "&H12&$H$1&")" -> Silvus (4200 E S Band, 1W Power, 20MHz Bandwidth ) | B12: StreamCaster 4200 Enhanced Plus | C12: Silvus | D12: 4200 E | E12: S | F12: 2200 | G12: 1 | H12: 20 | I12: 3
A13: =C13&" ("&D13&" "&E13&" "&$E$1&", "&G13&$G$1&", "&H13&$H$1&")" -> Silvus (4200 E UHF Band, 1W Power, 20MHz Bandwidth ) | B13: StreamCaster 4200 Enhanced Plus | C13: Silvus | D13: 4200 E | E13: UHF | F13: 420 | G13: 1 | H13: 20 | I13: 3
... A43: =C43&" ("&D43&" "&E43&" "&$E$1&", "&G43&$G$1&", "&H43&$H$1&")" -> KW (TS-890S HF Band, 100W Power, 1.6MHz Bandwidth ) | B43: Kenwood TS-890S | C43: KW | D43: TS-890S | E43: HF | F43: 5.35 | G43: 100 | H43: 1.6 | I43: 0

Sheet Formatting
A1: version | B1: reference | C1: template | D1: name | E1: service | F1: created_at | G1: owner | H1: bom_value | I1: site | J1: network | K1: engine | L1: coordinates | M1: transmitter | N1: lat | O1: lon | P1: alt | Q1: frq | R1: txw | S1: bwi | T1: powerUnit | U1: receiver | V1: rxlat | W1: rxlon | X1: rxalt | Y1: rxg | Z1: rxs | AA1: feeder | AB1: flt | AC1: fll | AD1: fcc | AE1: antenna | AF1: mode | AG1: txg | AH1: txl | AI1: ant | AJ1: azi | AK1: tlt | AL1: hbw | AM1: vbw | AN1: fbr | AO1: pol | AP1: model | AQ1: pm | AR1: pe | AS1: ked | AT1: rel | AU1: environment | AV1: elevation | AW1: landcover | AX1: buildings | AY1: obstacles | AZ1: clt | BA1: output | BB1: units | BC1: col | BD1: out | BE1: ber | BF1: mod | BG1: nf | BH1: res | BI1: rad
A2: CloudRF-API-v3.4.0 | B2: https://cloudrf.com/documentation/developer/swagger-ui/ | D2: =Insert!A2 -> Silvus (4200 E L Band, 1W Power, 1.25MHz Bandwidth ) | E2: SOOTHSAYER https://dev.cloudrf.com | F2: 2022-11-09T12:49:49+00:00 | G2: 1 | H2: 0 | I2: =Insert!C2&Insert!D2 -> Silvus4200 E | J2: PS | K2: 2 | L2: 1 | N2: 50.78986 | O2: -1.107861 | P2: 5 | Q2: =Insert!F2 -> 1350 | R2: =Insert!G2 -> 1 | S2: 1.5 | T2: W | V2: 50.786114 | W2: -1.1432767 | X2: 1 | Y2: 2 | Z2: 10 | AB2: 1 | AC2: 0 | AD2: 0 | AF2: template | AG2: =Insert!I2 -> 3 | AH2: 0 | AI2: 39 | AJ2: 0 | AK2: 0 | AL2: 12 | AM2: 12 | AN2: 2 | AO2: v | AQ2: 10 | AR2: 2 | AS2: 1 | AT2: 90 | AU2: 1 | AV2: 1 | AW2: 1 | AX2: 0 | AY2: 2 | AZ2: Minimal.clt | BB2: m | BC2: CALIB.db | BD2: 2 | BE2: 1 | BF2: 0 | BG2: -110 | BH2: 5 | BI2: 2
A3: CloudRF-API-v3.4.0 | B3: https://cloudrf.com/documentation/developer/swagger-ui/ | D3: =Insert!A3 -> Silvus (4200 E S Band, 1W Power, 1.25MHz Bandwidth ) | E3: SOOTHSAYER https://dev.cloudrf.com | F3: 2022-11-09T12:49:49+00:01 | G3: 1 | H3: 0 | I3: =Insert!C3&Insert!D3 -> Silvus4200 E | J3: PS | K3: 2 | L3: 1 | N3: 50.78986 | O3: -1.107861 | P3: 5 | Q3: =Insert!F3 -> 2200 | R3: =Insert!G3 -> 1 | S3: 1.5 | T3: W | V3: 50.786114 | W3: -1.1432767 | X3: 1 | Y3: 2 | Z3: 10 | AB3: 1 | AC3: 0 | AD3: 0 | AF3: template | AG3: =Insert!I3 -> 3 | AH3: 0 | AI3: 39 | AJ3: 0 | AK3: 0 | AL3: 12 | AM3: 12 | AN3: 2 | AO3: v | AQ3: 11 | AR3: 2 | AS3: 1 | AT3: 90 | AU3: 1 | AV3: 1 | AW3: 1 | AX3: 0 | AY3: 2 | AZ3: Minimal.clt | BB3: m | BC3: CALIB.db | BD3: 2 | BE3: 1 | BF3: 0 | BG3: -110 | BH3: 5 | BI3: 2
A4: CloudRF-API-v3.4.0 | B4: https://cloudrf.com/documentation/developer/swagger-ui/ | D4: =Insert!A4 -> Silvus (4200 E UHF Band, 1W Power, 1.25MHz Bandwidth ) | E4: SOOTHSAYER https://dev.cloudrf.com | F4: 2022-11-09T12:49:49+00:02 | G4: 1 | H4: 0 | I4: =Insert!C4&Insert!D4 -> Silvus4200 E | J4: PS | K4: 2 | L4: 1 | N4: 50.78986 | O4: -1.107861 | P4: 5 | Q4: =Insert!F4 -> 420 | R4: =Insert!G4 -> 1 | S4: 1.5 | T4: W | V4: 50.786114 | W4: -1.1432767 | X4: 1 | Y4: 2 | Z4: 10 | AB4: 1 | AC4: 0 | AD4: 0 | AF4: template | AG4: =Insert!I4 -> 3 | AH4: 0 | AI4: 39 | AJ4: 0 | AK4: 0 | AL4: 12 | AM4: 12 | AN4: 2 | AO4: v | AQ4: 11 | AR4: 2 | AS4: 1 | AT4: 90 | AU4: 1 | AV4: 1 | AW4: 1 | AX4: 0 | AY4: 2 | AZ4: Minimal.clt | BB4: m | BC4: CALIB.db | BD4: 2 | BE4: 1 | BF4: 0 | BG4: -110 | BH4: 5 | BI4: 2
A5: CloudRF-API-v3.4.0 | B5: https://cloudrf.com/documentation/developer/swagger-ui/ | D5: =Insert!A5 -> Silvus (4200 E L Band, 4W Power, 1.25MHz Bandwidth ) | E5: SOOTHSAYER https://dev.cloudrf.com | F5: 2022-11-09T12:49:49+00:03 | G5: 1 | H5: 0 | I5: =Insert!C5&Insert!D5 -> Silvus4200 E | J5: PS | K5: 2 | L5: 1 | N5: 50.78986 | O5: -1.107861 | P5: 5 | Q5: =Insert!F5 -> 1350 | R5: =Insert!G5 -> 4 | S5: 1.5 | T5: W | V5: 50.786114 | W5: -1.1432767 | X5: 1 | Y5: 2 | Z5: 10 | AB5: 1 | AC5: 0 | AD5: 0 | AF5: template | AG5: =Insert!I5 -> 3 | AH5: 0 | AI5: 39 | AJ5: 0 | AK5: 0 | AL5: 12 | AM5: 12 | AN5: 2 | AO5: v | AQ5: 11 | AR5: 2 | AS5: 1 | AT5: 90 | AU5: 1 | AV5: 1 | AW5: 1 | AX5: 0 | AY5: 2 | AZ5: Minimal.clt | BB5: m | BC5: CALIB.db | BD5: 2 | BE5: 1 | BF5: 0 | BG5: -110 | BH5: 5 | BI5: 2
A6: CloudRF-API-v3.4.0 | B6: https://cloudrf.com/documentation/developer/swagger-ui/ | D6: =Insert!A6 -> Silvus (4200 E S Band, 4W Power, 1.25MHz Bandwidth ) | E6: SOOTHSAYER https://dev.cloudrf.com | F6: 2022-11-09T12:49:49+00:04 | G6: 1 | H6: 0 | I6: =Insert!C6&Insert!D6 -> Silvus4200 E | J6: PS | K6: 2 | L6: 1 | N6: 50.78986 | O6: -1.107861 | P6: 5 | Q6: =Insert!F6 -> 2200 | R6: =Insert!G6 -> 4 | S6: 1.5 | T6: W | V6: 50.786114 | W6: -1.1432767 | X6: 1 | Y6: 2 | Z6: 10 | AB6: 1 | AC6: 0 | AD6: 0 | AF6: template | AG6: =Insert!I6 -> 3 | AH6: 0 | AI6: 39 | AJ6: 0 | AK6: 0 | AL6: 12 | AM6: 12 | AN6: 2 | AO6: v | AQ6: 11 | AR6: 2 | AS6: 1 | AT6: 90 | AU6: 1 | AV6: 1 | AW6: 1 | AX6: 0 | AY6: 2 | AZ6: Minimal.clt | BB6: m | BC6: CALIB.db | BD6: 2 | BE6: 1 | BF6: 0 | BG6: -110 | BH6: 5 | BI6: 2
A7: CloudRF-API-v3.4.0 | B7: https://cloudrf.com/documentation/developer/swagger-ui/ | D7: =Insert!A7 -> Silvus (4200 E UHF Band, 4W Power, 1.25MHz Bandwidth ) | E7: SOOTHSAYER https://dev.cloudrf.com | F7: 2022-11-09T12:49:49+00:05 | G7: 1 | H7: 0 | I7: =Insert!C7&Insert!D7 -> Silvus4200 E | J7: PS | K7: 2 | L7: 1 | N7: 50.78986 | O7: -1.107861 | P7: 5 | Q7: =Insert!F7 -> 420 | R7: =Insert!G7 -> 4 | S7: 1.5 | T7: W | V7: 50.786114 | W7: -1.1432767 | X7: 1 | Y7: 2 | Z7: 10 | AB7: 1 | AC7: 0 | AD7: 0 | AF7: template | AG7: =Insert!I7 -> 3 | AH7: 0 | AI7: 39 | AJ7: 0 | AK7: 0 | AL7: 12 | AM7: 12 | AN7: 2 | AO7: v | AQ7: 11 | AR7: 2 | AS7: 1 | AT7: 90 | AU7: 1 | AV7: 1 | AW7: 1 | AX7: 0 | AY7: 2 | AZ7: Minimal.clt | BB7: m | BC7: CALIB.db | BD7: 2 | BE7: 1 | BF7: 0 | BG7: -110 | BH7: 5 | BI7: 2
A8: CloudRF-API-v3.4.0 | B8: https://cloudrf.com/documentation/developer/swagger-ui/ | D8: =Insert!A8 -> Silvus (4200 E L Band, 10W Power, 1.25MHz Bandwidth ) | E8: SOOTHSAYER https://dev.cloudrf.com | F8: 2022-11-09T12:49:49+00:06 | G8: 1 | H8: 0 | I8: =Insert!C8&Insert!D8 -> Silvus4200 E | J8: PS | K8: 2 | L8: 1 | N8: 50.78986 | O8: -1.107861 | P8: 5 | Q8: =Insert!F8 -> 1350 | R8: =Insert!G8 -> 10 | S8: 1.5 | T8: W | V8: 50.786114 | W8: -1.1432767 | X8: 1 | Y8: 2 | Z8: 10 | AB8: 1 | AC8: 0 | AD8: 0 | AF8: template | AG8: =Insert!I8 -> 3 | AH8: 0 | AI8: 39 | AJ8: 0 | AK8: 0 | AL8: 12 | AM8: 12 | AN8: 2 | AO8: v | AQ8: 11 | AR8: 2 | AS8: 1 | AT8: 90 | AU8: 1 | AV8: 1 | AW8: 1 | AX8: 0 | AY8: 2 | AZ8: Minimal.clt | BB8: m | BC8: CALIB.db | BD8: 2 | BE8: 1 | BF8: 0 | BG8: -110 | BH8: 5 | BI8: 2
A9: CloudRF-API-v3.4.0 | B9: https://cloudrf.com/documentation/developer/swagger-ui/ | D9: =Insert!A9 -> Silvus (4200 E S Band, 10W Power, 1.25MHz Bandwidth ) | E9: SOOTHSAYER https://dev.cloudrf.com | F9: 2022-11-09T12:49:49+00:07 | G9: 1 | H9: 0 | I9: =Insert!C9&Insert!D9 -> Silvus4200 E | J9: PS | K9: 2 | L9: 1 | N9: 50.78986 | O9: -1.107861 | P9: 5 | Q9: =Insert!F9 -> 2200 | R9: =Insert!G9 -> 10 | S9: 1.5 | T9: W | V9: 50.786114 | W9: -1.1432767 | X9: 1 | Y9: 2 | Z9: 10 | AB9: 1 | AC9: 0 | AD9: 0 | AF9: template | AG9: =Insert!I9 -> 3 | AH9: 0 | AI9: 39 | AJ9: 0 | AK9: 0 | AL9: 12 | AM9: 12 | AN9: 2 | AO9: v | AQ9: 11 | AR9: 2 | AS9: 1 | AT9: 90 | AU9: 1 | AV9: 1 | AW9: 1 | AX9: 0 | AY9: 2 | AZ9: Minimal.clt | BB9: m | BC9: CALIB.db | BD9: 2 | BE9: 1 | BF9: 0 | BG9: -110 | BH9: 5 | BI9: 2
A10: CloudRF-API-v3.4.0 | B10: https://cloudrf.com/documentation/developer/swagger-ui/ | D10: =Insert!A10 -> Silvus (4200 E UHF Band, 10W Power, 1.25MHz Bandwidth ) | E10: SOOTHSAYER https://dev.cloudrf.com | F10: 2022-11-09T12:49:49+00:08 | G10: 1 | H10: 0 | I10: =Insert!C10&Insert!D10 -> Silvus4200 E | J10: PS | K10: 2 | L10: 1 | N10: 50.78986 | O10: -1.107861 | P10: 5 | Q10: =Insert!F10 -> 420 | R10: =Insert!G10 -> 10 | S10: 1.5 | T10: W | V10: 50.786114 | W10: -1.1432767 | X10: 1 | Y10: 2 | Z10: 10 | AB10: 1 | AC10: 0 | AD10: 0 | AF10: template | AG10: =Insert!I10 -> 3 | AH10: 0 | AI10: 39 | AJ10: 0 | AK10: 0 | AL10: 12 | AM10: 12 | AN10: 2 | AO10: v | AQ10: 11 | AR10: 2 | AS10: 1 | AT10: 90 | AU10: 1 | AV10: 1 | AW10: 1 | AX10: 0 | AY10: 2 | AZ10: Minimal.clt | BB10: m | BC10: CALIB.db | BD10: 2 | BE10: 1 | BF10: 0 | BG10: -110 | BH10: 5 | BI10: 2
A11: CloudRF-API-v3.4.0 | B11: https://cloudrf.com/documentation/developer/swagger-ui/ | D11: =Insert!A11 -> Silvus (4200 E L Band, 1W Power, 20MHz Bandwidth ) | E11: SOOTHSAYER https://dev.cloudrf.com | F11: 2022-11-09T12:49:49+00:09 | G11: 1 | H11: 0 | I11: =Insert!C11&Insert!D11 -> Silvus4200 E | J11: PS | K11: 2 | L11: 1 | N11: 50.78986 | O11: -1.107861 | P11: 5 | Q11: =Insert!F11 -> 1350 | R11: =Insert!G11 -> 1 | S11: 1.5 | T11: W | V11: 50.786114 | W11: -1.1432767 | X11: 1 | Y11: 2 | Z11: 10 | AB11: 1 | AC11: 0 | AD11: 0 | AF11: template | AG11: =Insert!I11 -> 3 | AH11: 0 | AI11: 39 | AJ11: 0 | AK11: 0 | AL11: 12 | AM11: 12 | AN11: 2 | AO11: v | AQ11: 11 | AR11: 2 | AS11: 1 | AT11: 90 | AU11: 1 | AV11: 1 | AW11: 1 | AX11: 0 | AY11: 2 | AZ11: Minimal.clt | BB11: m | BC11: CALIB.db | BD11: 2 | BE11: 1 | BF11: 0 | BG11: -110 | BH11: 5 | BI11: 2
A12: CloudRF-API-v3.4.0 | B12: https://cloudrf.com/documentation/developer/swagger-ui/ | D12: =Insert!A12 -> Silvus (4200 E S Band, 1W Power, 20MHz Bandwidth ) | E12: SOOTHSAYER https://dev.cloudrf.com | F12: 2022-11-09T12:49:49+00:10 | G12: 1 | H12: 0 | I12: =Insert!C12&Insert!D12 -> Silvus4200 E | J12: PS | K12: 2 | L12: 1 | N12: 50.78986 | O12: -1.107861 | P12: 5 | Q12: =Insert!F12 -> 2200 | R12: =Insert!G12 -> 1 | S12: 1.5 | T12: W | V12: 50.786114 | W12: -1.1432767 | X12: 1 | Y12: 2 | Z12: 10 | AB12: 1 | AC12: 0 | AD12: 0 | AF12: template | AG12: =Insert!I12 -> 3 | AH12: 0 | AI12: 39 | AJ12: 0 | AK12: 0 | AL12: 12 | AM12: 12 | AN12: 2 | AO12: v | AQ12: 11 | AR12: 2 | AS12: 1 | AT12: 90 | AU12: 1 | AV12: 1 | AW12: 1 | AX12: 0 | AY12: 2 | AZ12: Minimal.clt | BB12: m | BC12: CALIB.db | BD12: 2 | BE12: 1 | BF12: 0 | BG12: -110 | BH12: 5 | BI12: 2
A13: CloudRF-API-v3.4.0 | B13: https://cloudrf.com/documentation/developer/swagger-ui/ | D13: =Insert!A13 -> Silvus (4200 E UHF Band, 1W Power, 20MHz Bandwidth ) | E13: SOOTHSAYER https://dev.cloudrf.com | F13: 2022-11-09T12:49:49+00:11 | G13: 1 | H13: 0 | I13: =Insert!C13&Insert!D13 -> Silvus4200 E | J13: PS | K13: 2 | L13: 1 | N13: 50.78986 | O13: -1.107861 | P13: 5 | Q13: =Insert!F13 -> 420 | R13: =Insert!G13 -> 1 | S13: 1.5 | T13: W | V13: 50.786114 | W13: -1.1432767 | X13: 1 | Y13: 2 | Z13: 10 | AB13: 1 | AC13: 0 | AD13: 0 | AF13: template | AG13: =Insert!I13 -> 3 | AH13: 0 | AI13: 39 | AJ13: 0 | AK13: 0 | AL13: 12 | AM13: 12 | AN13: 2 | AO13: v | AQ13: 11 | AR13: 2 | AS13: 1 | AT13: 90 | AU13: 1 | AV13: 1 | AW13: 1 | AX13: 0 | AY13: 2 | AZ13: Minimal.clt | BB13: m | BC13: CALIB.db | BD13: 2 | BE13: 1 | BF13: 0 | BG13: -110 | BH13: 5 | BI13: 2
... A43: CloudRF-API-v3.4.0 | B43: https://cloudrf.com/documentation/developer/swagger-ui/ | D43: =Insert!A43 -> KW (TS-890S HF Band, 100W Power, 1.6MHz Bandwidth ) | E43: SOOTHSAYER https://dev.cloudrf.com | F43: 2022-11-09T12:49:49+00:41 | G43: 1 | H43: 0 | I43: =Insert!C43&Insert!D43 -> KWTS-890S | J43: PS | K43: 2 | L43: 1 | N43: 50.78986 | O43: -1.107861 | P43: 5 | Q43: =Insert!F43 -> 5.35 | R43: =Insert!G43 -> 100 | S43: 1.5 | T43: W | V43: 50.786114 | W43: -1.1432767 | X43: 1 | Y43: 2 | Z43: 10 | AB43: 1 | AC43: 0 | AD43: 0 | AF43: template | AG43: =Insert!I43 -> 0 | AH43: 0 | AI43: 39 | AJ43: 0 | AK43: 0 | AL43: 12 | AM43: 12 | AN43: 2 | AO43: v | AQ43: 11 | AR43: 2 | AS43: 1 | AT43: 90 | AU43: 1 | AV43: 1 | AW43: 1 | AX43: 0 | AY43: 2 | AZ43: Minimal.clt | BB43: m | BC43: CALIB.db | BD43: 2 | BE43: 1 | BF43: 0 | BG43: -110 | BH43: 5 | BI43: 2
